id;id_cliente;id_loja;id_produto;dt_venda
1;620;3;2;07/11/2018
2;483;1;9;06/01/2018
3;976;8;3;10/04/2018
4;389;5;6;05/07/2020
5;626;7;8;22/07/2018
6;292;1;4;29/01/2020
7;87;3;3;21/04/2019
8;755;4;9;04/09/2018
9;317;4;4;03/08/2018
10;814;10;7;26/10/2018
11;403;6;3;07/06/2019
12;574;3;4;29/07/2019
13;859;7;2;06/12/2018
14;560;8;8;28/07/2018
15;85;4;8;26/02/2019
16;111;2;10;17/12/2019
17;52;10;1;13/07/2019
18;286;9;4;09/02/2020
19;30;3;10;03/03/2019
20;499;5;2;25/08/2019
21;758;2;5;16/07/2019
22;651;6;3;16/08/2019
23;906;8;5;07/02/2018
24;58;3;9;22/06/2019
25;785;3;3;05/05/2018
26;749;2;9;04/10/2018
27;532;5;7;12/05/2019
28;950;7;3;21/12/2018
29;211;9;3;03/01/2019
30;88;1;2;16/07/2018
31;331;10;8;12/01/2018
32;253;8;4;11/01/2018
33;264;1;3;22/02/2020
34;120;1;7;21/04/2018
35;517;6;4;26/03/2020
36;538;1;1;27/07/2020
37;898;3;9;15/08/2019
38;349;7;5;02/03/2019
39;586;6;7;30/03/2020
40;911;8;1;21/05/2020
41;815;2;6;03/05/2018
42;651;3;6;19/07/2019
43;226;7;6;13/09/2019
44;274;4;1;20/05/2018
45;234;6;10;03/08/2019
46;501;4;2;20/06/2018
47;239;6;3;09/12/2019
48;337;8;2;31/10/2019
49;976;10;2;16/05/2019
50;862;2;3;27/02/2020
51;511;6;6;13/01/2018
52;889;10;6;04/10/2018
53;20;9;5;12/08/2018
54;836;5;4;27/02/2019
55;844;8;10;02/06/2020
56;213;3;1;27/06/2018
57;209;8;3;18/03/2020
58;110;9;1;29/05/2020
59;388;4;1;16/08/2020
60;259;9;8;27/02/2019
61;825;10;7;24/06/2019
62;365;8;3;13/06/2020
63;126;8;10;10/07/2018
64;775;5;6;28/06/2019
65;509;1;2;02/11/2018
66;146;1;3;21/02/2020
67;994;9;1;26/11/2019
68;98;4;5;25/05/2019
69;897;9;2;10/07/2020
70;790;7;2;10/04/2020
71;929;8;5;26/02/2018
72;831;1;4;29/02/2020
73;648;9;1;07/07/2018
74;604;5;8;06/04/2020
75;858;6;9;31/05/2020
76;34;6;7;17/03/2018
77;504;5;9;26/07/2018
78;911;4;6;06/08/2018
79;503;2;10;18/08/2020
80;18;1;5;05/04/2020
81;814;2;9;20/04/2018
82;358;2;2;23/07/2018
83;301;6;4;14/08/2020
84;360;3;1;19/07/2020
85;922;4;8;25/12/2019
86;240;7;8;27/03/2020
87;281;8;5;01/09/2018
88;761;4;3;16/05/2019
89;731;1;10;06/08/2020
90;957;2;3;14/02/2020
91;484;8;8;30/08/2019
92;69;4;6;29/10/2018
93;699;1;10;13/07/2019
94;44;2;3;14/12/2018
95;77;2;4;05/07/2020
96;481;3;4;24/01/2019
97;417;6;5;22/03/2020
98;407;2;5;06/06/2018
99;210;8;2;21/07/2018
100;40;7;4;04/07/2018
101;650;10;5;01/02/2019
102;231;7;3;24/12/2018
103;409;1;9;23/08/2020
104;959;6;3;12/06/2019
105;830;9;5;14/05/2019
106;405;9;6;23/02/2019
107;314;1;8;27/03/2019
108;881;3;3;21/07/2019
109;236;7;1;02/02/2019
110;609;6;10;16/08/2018
111;547;7;10;13/06/2019
112;504;7;1;24/07/2018
113;973;7;7;17/11/2019
114;666;10;8;25/02/2018
115;114;2;5;09/10/2019
116;981;8;7;23/05/2019
117;836;1;9;23/03/2019
118;221;4;10;09/01/2020
119;307;6;6;04/10/2019
120;1;10;6;30/06/2018
121;211;10;2;18/01/2018
122;346;7;8;08/05/2020
123;70;1;3;01/12/2019
124;321;7;1;01/07/2019
125;310;6;1;30/11/2018
126;932;4;4;14/01/2018
127;425;1;6;11/07/2018
128;998;3;3;11/06/2020
129;897;9;8;05/12/2019
130;738;8;8;12/09/2019
131;472;10;8;11/03/2020
132;279;1;2;13/10/2018
133;499;5;9;08/08/2019
134;474;5;5;17/11/2019
135;52;10;5;20/03/2020
136;41;5;6;08/03/2020
137;777;10;5;13/09/2020
138;239;2;4;22/03/2019
139;160;9;7;27/12/2018
140;70;4;8;31/07/2020
141;671;2;9;25/11/2018
142;931;1;2;29/10/2019
143;411;8;3;13/02/2020
144;14;3;4;13/04/2020
145;778;9;9;11/03/2019
146;593;1;9;14/08/2019
147;836;10;9;09/11/2018
148;488;7;1;10/05/2018
149;781;10;4;14/03/2018
150;533;8;5;31/12/2019
151;256;6;8;18/04/2019
152;472;4;7;08/02/2019
153;789;6;4;18/05/2020
154;17;3;2;24/11/2018
155;810;6;10;04/06/2020
156;816;8;7;06/11/2019
157;857;2;8;18/03/2020
158;704;9;6;31/01/2018
159;866;3;4;21/01/2020
160;561;6;5;03/12/2018
161;646;3;3;03/07/2020
162;658;3;8;18/05/2020
163;737;1;2;21/05/2018
164;358;10;5;12/04/2018
165;941;10;9;16/02/2020
166;641;7;3;09/03/2020
167;858;7;8;08/07/2019
168;745;9;9;24/06/2018
169;487;3;9;29/03/2020
170;36;9;2;03/01/2020
171;296;7;5;22/06/2020
172;188;1;9;30/06/2018
173;654;1;6;15/01/2018
174;527;10;9;14/08/2018
175;133;10;6;21/12/2018
176;155;3;3;22/02/2018
177;571;6;5;24/05/2020
178;570;8;3;09/09/2018
179;387;2;10;26/06/2020
180;283;2;2;07/08/2019
181;336;9;6;08/03/2018
182;937;7;10;07/02/2020
183;771;3;9;15/03/2019
184;506;5;8;18/03/2019
185;32;1;1;31/10/2019
186;929;10;1;09/09/2018
187;540;7;6;04/01/2020
188;383;5;9;14/06/2020
189;114;5;6;23/08/2018
190;210;1;5;10/05/2019
191;818;1;8;19/09/2020
192;139;9;3;15/12/2018
193;603;6;2;27/12/2019
194;14;5;7;05/07/2018
195;587;10;4;21/12/2018
196;328;6;9;07/09/2018
197;441;10;8;10/07/2019
198;268;2;1;01/03/2018
199;9;7;7;31/01/2020
200;149;8;5;19/05/2018
201;392;9;8;13/11/2018
202;682;5;3;29/02/2020
203;589;4;7;16/04/2018
204;842;6;6;26/07/2020
205;348;9;3;10/05/2019
206;870;9;8;29/05/2020
207;296;7;4;05/07/2019
208;154;1;9;25/01/2019
209;195;4;9;27/07/2018
210;329;8;10;07/06/2019
211;691;4;4;17/03/2020
212;354;1;4;18/12/2018
213;147;10;3;04/10/2019
214;438;10;1;06/08/2019
215;919;3;7;10/06/2019
216;746;1;10;28/02/2018
217;179;5;7;02/03/2019
218;434;1;4;05/03/2018
219;193;9;6;18/05/2018
220;552;8;9;29/05/2020
221;831;9;1;03/02/2018
222;761;2;6;22/03/2019
223;675;3;4;27/03/2018
224;492;1;1;26/03/2019
225;318;4;10;08/04/2020
226;169;9;9;13/11/2018
227;939;2;9;29/06/2020
228;870;10;1;07/06/2019
229;961;6;10;30/06/2018
230;178;9;2;15/07/2020
231;645;1;3;27/04/2018
232;355;1;1;03/08/2020
233;917;4;9;19/01/2018
234;935;2;4;23/10/2018
235;396;10;4;06/06/2018
236;144;1;1;12/03/2020
237;709;10;10;16/06/2020
238;581;10;10;02/03/2018
239;829;9;5;03/05/2020
240;703;1;5;01/07/2018
241;251;2;2;24/09/2020
242;661;1;2;20/05/2019
243;704;9;10;08/04/2020
244;963;5;5;14/05/2020
245;1;3;7;12/06/2019
246;767;10;6;19/09/2020
247;494;4;8;03/07/2019
248;991;1;5;22/04/2019
249;661;1;6;22/09/2019
250;525;4;1;18/08/2020
251;572;7;6;03/04/2020
252;15;1;1;17/06/2020
253;784;9;3;04/06/2019
254;501;9;4;20/09/2020
255;173;3;8;07/09/2020
256;274;8;6;19/07/2020
257;16;3;7;05/06/2020
258;254;4;1;12/07/2019
259;794;4;9;28/03/2020
260;26;5;2;22/02/2020
261;346;3;10;18/08/2019
262;876;7;10;05/01/2019
263;716;4;7;29/06/2020
264;551;6;3;16/12/2018
265;564;10;3;02/04/2019
266;51;8;2;03/07/2018
267;964;10;2;10/09/2020
268;297;10;6;04/04/2020
269;540;5;3;06/10/2019
270;552;8;7;02/10/2018
271;227;6;1;30/05/2018
272;6;1;4;17/09/2018
273;515;4;8;25/12/2018
274;232;6;2;29/08/2019
275;829;4;9;06/06/2020
276;19;4;5;25/09/2020
277;959;4;1;11/12/2019
278;953;6;1;27/04/2018
279;529;6;7;02/09/2018
280;4;8;3;04/08/2019
281;138;10;7;27/05/2019
282;831;4;1;23/06/2018
283;997;1;3;12/08/2018
284;783;1;2;02/04/2018
285;762;10;3;11/02/2020
286;120;3;4;28/03/2020
287;288;6;7;15/07/2018
288;274;8;4;27/09/2020
289;362;6;9;11/11/2018
290;813;7;8;16/05/2019
291;127;4;3;06/05/2020
292;212;6;8;21/07/2018
293;999;1;6;27/07/2018
294;899;5;8;29/03/2020
295;83;6;1;20/05/2018
296;586;7;9;26/11/2019
297;301;4;7;13/06/2019
298;928;5;9;12/10/2018
299;830;6;7;21/01/2018
300;724;1;10;28/07/2019
301;639;8;7;30/08/2020
302;618;10;9;19/08/2020
303;896;1;3;28/12/2018
304;260;2;4;06/07/2018
305;297;2;1;29/07/2019
306;331;5;8;29/04/2018
307;607;9;6;27/11/2019
308;573;9;8;14/04/2020
309;557;4;1;18/04/2018
310;591;5;7;14/07/2019
311;485;5;3;15/10/2018
312;770;3;3;17/09/2018
313;671;10;4;29/04/2020
314;222;6;4;27/02/2020
315;968;10;9;19/04/2018
316;325;5;5;13/03/2019
317;762;1;8;15/11/2019
318;534;9;8;27/06/2018
319;76;2;5;10/06/2020
320;979;7;6;26/03/2018
321;253;1;2;20/04/2020
322;980;4;1;01/04/2018
323;4;3;7;07/01/2018
324;997;1;10;24/06/2020
325;694;4;6;14/10/2018
326;659;3;7;06/05/2018
327;397;3;8;17/12/2019
328;954;9;3;04/01/2020
329;799;3;2;10/01/2018
330;293;3;9;29/04/2018
331;764;3;6;07/03/2019
332;380;9;10;24/01/2018
333;80;8;1;04/10/2019
334;576;4;1;10/06/2020
335;999;3;1;05/10/2018
336;238;3;3;27/06/2018
337;35;8;8;04/12/2019
338;420;2;10;28/02/2020
339;217;1;8;08/07/2018
340;402;5;6;03/03/2020
341;519;6;7;29/12/2019
342;383;4;8;10/07/2018
343;901;4;5;27/07/2018
344;541;7;4;16/06/2020
345;837;10;2;06/07/2018
346;317;6;8;29/05/2018
347;961;4;5;28/08/2019
348;859;10;7;25/05/2020
349;830;4;8;11/11/2019
350;32;10;7;16/06/2018
351;677;9;8;31/10/2019
352;713;6;4;15/08/2019
353;640;7;6;22/12/2019
354;551;4;10;30/09/2018
355;154;9;7;31/05/2020
356;992;9;3;07/06/2020
357;514;3;10;06/03/2019
358;347;1;4;05/10/2018
359;822;7;6;25/01/2020
360;347;7;9;28/09/2018
361;426;2;8;16/01/2018
362;797;5;8;09/03/2020
363;822;7;8;24/02/2020
364;169;9;10;03/11/2019
365;723;1;1;24/02/2018
366;445;4;2;27/05/2018
367;378;7;4;19/10/2019
368;85;2;2;29/04/2019
369;743;5;8;04/08/2019
370;809;6;6;15/06/2019
371;743;3;5;30/10/2019
372;364;5;4;08/09/2019
373;204;5;7;22/11/2019
374;524;2;4;21/02/2019
375;673;8;1;25/01/2020
376;867;6;10;09/07/2020
377;557;6;10;06/01/2019
378;813;10;3;13/08/2020
379;451;4;3;19/03/2018
380;194;10;9;02/01/2020
381;659;2;10;11/08/2019
382;186;7;5;25/05/2018
383;880;4;1;06/04/2020
384;200;4;3;14/10/2018
385;609;9;9;07/07/2018
386;611;10;9;11/07/2019
387;735;8;6;17/10/2019
388;577;6;3;30/08/2020
389;440;4;6;10/12/2019
390;650;8;9;10/09/2020
391;813;3;2;26/07/2020
392;786;7;10;04/05/2019
393;861;8;9;11/07/2020
394;585;1;7;03/05/2019
395;828;7;8;05/05/2018
396;39;5;3;13/02/2019
397;572;4;3;09/09/2019
398;213;10;8;04/02/2018
399;156;6;2;13/01/2018
400;275;2;2;17/04/2018
401;948;5;10;10/02/2019
402;559;1;7;22/05/2020
403;149;4;5;05/05/2019
404;46;3;5;09/06/2019
405;174;5;5;02/07/2019
406;341;2;5;18/06/2018
407;334;7;2;15/06/2019
408;422;7;7;10/08/2018
409;232;2;7;19/08/2019
410;995;2;6;08/10/2019
411;193;6;1;06/12/2018
412;9;10;3;21/04/2019
413;326;7;9;04/08/2018
414;351;2;1;31/01/2018
415;1;4;9;19/06/2019
416;415;4;2;26/03/2019
417;611;8;9;28/04/2018
418;470;7;4;16/10/2019
419;853;10;8;14/04/2020
420;281;7;10;04/03/2020
421;370;5;4;06/10/2018
422;110;10;10;06/03/2018
423;339;3;9;18/05/2018
424;591;6;5;20/03/2019
425;921;9;6;15/02/2019
426;675;4;7;24/03/2018
427;531;10;9;02/10/2018
428;54;9;7;13/11/2018
429;468;3;3;01/04/2019
430;388;3;2;29/04/2019
431;324;4;1;21/09/2018
432;165;6;7;03/10/2019
433;293;9;9;08/11/2019
434;876;7;3;03/09/2020
435;641;1;8;26/10/2018
436;472;10;1;01/08/2018
437;969;4;4;06/08/2018
438;323;10;2;11/11/2018
439;395;8;9;03/02/2018
440;45;5;3;01/10/2018
441;315;5;8;01/07/2018
442;535;4;3;30/08/2018
443;560;1;4;02/08/2020
444;692;10;7;29/08/2019
445;34;9;1;13/04/2018
446;864;4;2;14/01/2019
447;901;6;7;18/10/2018
448;246;10;4;05/08/2018
449;808;1;8;06/08/2020
450;104;5;6;19/06/2018
451;714;3;4;26/03/2019
452;990;5;10;04/12/2019
453;467;5;8;28/11/2019
454;590;6;8;19/07/2020
455;922;9;6;09/06/2019
456;627;9;4;08/09/2020
457;816;9;1;06/07/2019
458;727;7;7;30/08/2018
459;848;6;9;11/10/2019
460;631;1;8;21/12/2018
461;804;4;6;10/06/2018
462;566;9;3;27/09/2019
463;795;3;6;14/01/2018
464;594;5;4;29/05/2020
465;386;10;9;07/12/2018
466;457;5;5;23/01/2020
467;300;1;1;03/09/2019
468;755;1;8;25/09/2019
469;60;4;4;20/03/2018
470;53;9;2;04/08/2020
471;509;9;1;04/05/2019
472;74;2;6;07/05/2019
473;949;6;9;21/09/2018
474;632;1;3;25/08/2019
475;941;1;7;23/08/2019
476;4;6;4;01/02/2019
477;809;5;9;29/01/2019
478;645;9;9;05/08/2018
479;671;9;10;12/01/2020
480;556;3;2;25/06/2018
481;51;9;3;27/05/2019
482;259;1;10;25/10/2019
483;518;1;1;21/07/2019
484;210;3;9;27/02/2020
485;637;4;10;26/01/2018
486;757;6;4;07/12/2018
487;267;7;2;22/07/2020
488;192;2;9;22/06/2018
489;966;3;9;15/02/2019
490;920;4;10;12/08/2020
491;935;2;10;02/04/2019
492;298;1;6;21/01/2018
493;267;9;1;14/11/2018
494;904;8;6;13/09/2018
495;613;7;10;15/10/2018
496;884;10;3;25/11/2019
497;305;6;3;18/06/2020
498;766;6;3;23/04/2020
499;341;8;9;23/08/2019
500;846;9;3;31/05/2020
501;990;3;8;27/01/2020
502;383;1;4;25/08/2019
503;860;9;5;29/08/2018
504;603;1;10;26/06/2020
505;967;7;6;21/12/2018
506;982;4;2;24/01/2019
507;741;8;3;29/01/2019
508;163;8;10;11/05/2020
509;291;5;9;24/05/2019
510;167;6;3;20/07/2018
511;613;2;1;25/06/2020
512;239;3;10;19/09/2019
513;901;1;7;19/07/2020
514;808;2;2;30/05/2019
515;617;8;3;24/05/2018
516;199;5;10;21/04/2018
517;42;7;10;02/07/2018
518;679;5;10;24/02/2018
519;98;2;4;13/10/2019
520;9;8;7;12/05/2018
521;265;8;1;11/05/2018
522;561;1;4;04/06/2018
523;399;2;4;12/09/2020
524;379;3;6;02/09/2019
525;232;7;1;07/09/2018
526;57;1;2;26/05/2018
527;787;7;1;14/05/2020
528;854;8;1;02/03/2020
529;10;7;2;12/05/2018
530;281;6;8;20/02/2018
531;278;2;6;25/04/2019
532;348;1;10;10/02/2020
533;31;10;1;09/03/2019
534;954;1;10;25/12/2019
535;845;7;3;10/03/2020
536;411;7;3;11/06/2019
537;19;10;10;05/06/2020
538;495;6;10;03/03/2019
539;276;5;4;26/09/2019
540;256;2;5;23/07/2018
541;863;4;7;03/09/2019
542;628;3;10;18/04/2020
543;685;8;1;06/08/2020
544;209;2;9;22/01/2019
545;627;6;10;29/03/2019
546;6;6;5;31/10/2019
547;883;2;9;10/12/2019
548;136;7;3;06/08/2018
549;208;7;9;17/09/2018
550;379;10;6;09/10/2018
551;232;5;9;22/10/2018
552;830;8;2;14/05/2020
553;525;1;2;16/09/2018
554;28;1;8;04/11/2018
555;991;10;5;09/12/2018
556;899;4;1;25/08/2019
557;448;6;2;30/08/2020
558;892;10;10;20/02/2019
559;817;4;6;09/06/2020
560;490;1;7;14/06/2018
561;898;3;7;31/03/2020
562;13;9;5;29/04/2019
563;199;5;8;23/08/2020
564;769;5;8;05/12/2018
565;670;4;3;18/03/2019
566;217;9;4;25/12/2019
567;738;7;8;22/09/2020
568;389;3;8;11/02/2019
569;657;4;1;08/01/2020
570;940;4;5;03/02/2019
571;424;2;10;05/07/2018
572;20;3;1;17/02/2019
573;89;5;1;14/07/2020
574;568;6;4;22/09/2019
575;697;2;7;30/06/2019
576;154;9;1;24/08/2019
577;659;7;2;09/03/2020
578;88;4;4;14/05/2018
579;547;5;7;24/04/2018
580;438;1;4;12/01/2018
581;149;1;6;16/06/2018
582;625;1;10;13/02/2018
583;46;7;9;08/07/2018
584;968;3;4;26/11/2019
585;619;5;4;04/11/2018
586;329;6;6;03/12/2018
587;311;3;8;20/02/2019
588;533;3;7;10/06/2019
589;603;1;2;10/03/2019
590;691;10;10;17/10/2018
591;897;10;7;06/10/2019
592;244;9;3;16/04/2020
593;471;7;3;22/07/2019
594;512;1;2;21/02/2018
595;273;1;2;13/11/2018
596;699;4;5;18/08/2019
597;666;6;7;10/04/2020
598;263;8;6;07/07/2018
599;744;5;5;14/05/2020
600;34;7;3;17/09/2020
601;148;2;6;28/07/2019
602;845;5;9;19/12/2018
603;721;8;4;27/06/2020
604;425;9;4;14/07/2020
605;400;6;5;24/02/2020
606;413;9;9;27/04/2020
607;717;5;9;24/06/2018
608;422;9;9;19/03/2019
609;248;10;9;21/07/2020
610;37;1;9;30/11/2019
611;364;10;6;20/04/2019
612;212;3;4;01/12/2018
613;929;1;6;29/01/2018
614;996;8;5;13/11/2018
615;557;6;10;23/02/2018
616;792;1;5;05/04/2019
617;121;4;6;24/04/2020
618;872;9;1;17/10/2018
619;735;8;3;14/07/2019
620;862;3;4;03/08/2019
621;89;1;2;26/07/2020
622;354;7;8;29/06/2018
623;297;4;10;30/01/2020
624;842;9;5;19/04/2018
625;417;9;7;26/08/2018
626;605;7;5;13/12/2018
627;851;6;4;07/06/2018
628;229;2;8;11/07/2020
629;451;1;5;24/06/2020
630;240;6;3;24/04/2018
631;247;3;6;01/08/2019
632;247;3;5;23/02/2019
633;663;7;8;05/06/2020
634;89;4;8;26/01/2018
635;277;1;7;10/09/2018
636;156;7;10;04/02/2020
637;298;5;5;14/09/2020
638;866;4;7;24/01/2018
639;811;3;8;27/06/2019
640;3;1;3;04/02/2018
641;807;3;8;17/01/2020
642;411;10;3;20/03/2020
643;828;1;8;17/11/2018
644;492;2;9;19/11/2019
645;174;3;7;19/12/2019
646;46;8;10;16/02/2020
647;610;10;6;11/10/2019
648;927;1;7;19/05/2018
649;913;3;4;24/03/2020
650;968;7;6;14/09/2018
651;526;7;9;11/06/2020
652;970;3;1;31/07/2019
653;86;7;7;26/07/2019
654;784;7;5;09/02/2019
655;315;7;3;06/12/2019
656;219;1;1;26/08/2020
657;251;10;9;22/07/2019
658;52;4;1;25/05/2018
659;320;9;6;04/10/2018
660;395;4;8;01/09/2020
661;907;3;1;24/01/2019
662;717;3;10;24/05/2019
663;488;4;4;09/06/2018
664;379;9;7;09/06/2019
665;743;6;10;07/01/2020
666;16;10;9;27/12/2018
667;308;10;5;04/08/2020
668;635;10;4;07/03/2018
669;340;5;5;07/04/2018
670;767;9;9;30/01/2018
671;705;5;3;01/07/2020
672;371;2;6;26/01/2020
673;26;8;4;20/05/2019
674;905;3;9;12/03/2020
675;971;2;3;22/02/2018
676;702;10;9;27/03/2018
677;910;1;8;23/06/2020
678;737;5;10;23/08/2020
679;903;4;5;05/04/2020
680;636;1;10;27/08/2018
681;133;7;4;05/01/2018
682;841;9;6;27/09/2019
683;113;9;5;06/12/2018
684;769;8;10;28/10/2018
685;498;7;10;14/03/2019
686;947;5;2;16/03/2019
687;664;10;4;21/10/2019
688;195;5;6;17/05/2020
689;412;1;7;23/02/2018
690;818;10;3;18/02/2020
691;252;1;7;27/04/2018
692;705;5;3;22/05/2019
693;776;8;10;10/06/2018
694;628;2;6;16/01/2019
695;228;9;2;28/11/2019
696;623;6;6;26/02/2019
697;402;3;10;06/03/2018
698;879;3;7;10/09/2020
699;745;8;9;25/05/2020
700;211;3;7;09/09/2018
701;233;8;3;26/12/2018
702;953;10;6;21/01/2020
703;107;6;10;21/01/2020
704;523;4;8;15/11/2018
705;969;9;9;13/06/2019
706;755;6;9;27/12/2019
707;360;5;5;07/12/2019
708;463;8;3;17/04/2018
709;370;9;6;03/09/2018
710;567;7;8;11/02/2018
711;178;4;9;16/04/2020
712;115;8;7;07/06/2019
713;808;7;10;07/07/2020
714;598;6;3;14/10/2018
715;412;10;10;22/07/2020
716;255;2;6;07/04/2019
717;506;4;6;05/05/2018
718;108;5;10;25/03/2019
719;946;4;8;09/03/2020
720;460;4;7;04/06/2018
721;428;10;10;08/07/2018
722;527;9;7;21/05/2018
723;691;3;8;29/12/2019
724;732;6;4;23/08/2020
725;894;5;3;12/06/2018
726;876;3;4;22/05/2018
727;179;2;7;02/07/2019
728;430;4;4;22/04/2020
729;478;4;2;10/07/2020
730;908;7;6;05/11/2018
731;645;4;2;23/01/2019
732;868;4;1;14/06/2019
733;116;5;1;27/10/2018
734;880;10;2;06/12/2019
735;109;5;4;23/07/2019
736;214;1;7;10/07/2018
737;471;7;8;22/10/2018
738;90;1;1;05/02/2020
739;557;3;1;05/10/2018
740;941;9;3;25/09/2019
741;436;9;3;12/05/2020
742;440;2;10;20/02/2019
743;138;8;6;29/03/2020
744;756;7;1;15/03/2020
745;199;10;4;25/06/2020
746;453;9;3;14/09/2019
747;188;9;1;06/08/2019
748;277;10;10;15/01/2019
749;414;4;7;17/03/2020
750;98;5;5;01/07/2019
751;171;9;3;09/08/2020
752;958;4;2;06/06/2019
753;278;6;4;27/04/2018
754;127;7;4;14/06/2018
755;270;9;2;22/03/2019
756;303;5;4;22/02/2018
757;112;8;4;02/06/2020
758;936;10;4;09/12/2019
759;399;1;10;01/02/2019
760;289;5;10;28/11/2018
761;763;4;7;23/12/2019
762;991;4;1;18/09/2019
763;700;2;3;26/04/2018
764;953;4;2;05/05/2019
765;915;7;6;20/05/2020
766;579;7;8;21/06/2018
767;698;8;5;01/08/2019
768;412;2;6;22/04/2019
769;767;1;9;11/06/2020
770;362;3;4;03/03/2020
771;871;6;5;15/02/2018
772;968;5;2;01/10/2019
773;304;7;4;01/02/2019
774;954;6;6;03/04/2020
775;909;9;10;28/06/2018
776;595;10;8;26/07/2019
777;484;8;3;15/10/2018
778;600;9;9;26/05/2019
779;960;2;10;04/02/2019
780;238;4;9;28/08/2020
781;559;5;2;13/12/2018
782;76;2;1;31/05/2019
783;67;8;10;27/12/2018
784;383;3;6;25/06/2019
785;530;10;8;02/10/2018
786;390;9;3;05/11/2018
787;898;2;8;22/10/2019
788;876;7;2;03/10/2018
789;554;10;4;01/07/2020
790;33;7;1;31/10/2019
791;143;9;2;19/04/2018
792;692;7;9;28/12/2019
793;371;9;3;14/07/2018
794;984;9;2;16/07/2020
795;580;4;6;20/02/2018
796;726;8;5;28/12/2019
797;111;6;5;16/02/2019
798;384;4;6;16/11/2018
799;162;7;7;13/04/2020
800;572;1;5;23/10/2019
801;736;7;7;15/09/2019
802;449;5;5;09/01/2019
803;431;8;9;28/09/2018
804;985;4;2;08/04/2018
805;186;4;8;06/08/2019
806;949;2;9;10/02/2018
807;545;1;5;29/01/2020
808;656;1;5;26/08/2019
809;380;1;7;01/06/2019
810;24;8;1;12/08/2020
811;499;4;9;19/09/2018
812;116;4;3;05/03/2018
813;200;1;10;06/08/2020
814;724;3;3;07/01/2020
815;781;2;10;08/08/2019
816;264;3;3;28/01/2019
817;423;2;1;23/02/2019
818;491;7;3;12/11/2018
819;329;5;2;09/04/2019
820;175;3;5;05/10/2018
821;583;2;1;04/01/2019
822;49;4;10;04/09/2019
823;967;7;10;15/07/2020
824;63;4;6;07/05/2018
825;57;4;1;26/08/2018
826;995;4;5;22/06/2019
827;589;7;2;09/04/2020
828;794;6;6;30/04/2020
829;468;1;4;28/08/2018
830;139;6;6;15/01/2020
831;296;10;10;21/01/2020
832;103;1;4;04/06/2020
833;930;6;1;27/09/2020
834;605;8;4;04/10/2018
835;549;6;9;07/04/2020
836;6;5;3;20/08/2019
837;803;2;10;01/10/2018
838;68;6;8;26/03/2019
839;156;8;3;16/07/2020
840;183;9;1;14/05/2018
841;250;4;6;08/09/2018
842;126;8;2;21/11/2018
843;329;8;1;28/11/2018
844;652;2;6;08/09/2020
845;847;2;7;26/05/2020
846;129;8;10;25/04/2018
847;430;10;10;04/07/2019
848;509;1;4;22/04/2018
849;582;5;2;12/08/2020
850;273;2;1;04/01/2018
851;659;6;9;21/04/2019
852;571;10;7;04/04/2019
853;907;4;10;20/09/2019
854;351;9;10;01/11/2018
855;715;10;8;02/03/2020
856;930;4;5;10/12/2018
857;394;6;6;28/12/2019
858;484;9;7;09/10/2019
859;734;8;1;12/01/2019
860;613;10;6;13/05/2020
861;112;4;4;13/01/2019
862;942;7;4;29/12/2018
863;199;9;2;18/05/2019
864;622;8;1;20/06/2020
865;765;6;9;27/05/2018
866;377;6;3;22/08/2020
867;615;4;4;08/01/2019
868;277;9;10;27/03/2018
869;523;6;7;12/04/2019
870;652;1;1;02/02/2020
871;767;8;5;18/02/2019
872;836;9;6;28/03/2018
873;987;2;7;03/10/2018
874;972;3;6;28/10/2019
875;521;4;9;14/09/2018
876;417;10;4;24/09/2019
877;548;2;3;25/01/2018
878;575;6;10;30/04/2020
879;746;8;9;17/02/2020
880;510;1;5;16/03/2019
881;354;7;2;24/03/2019
882;549;10;1;02/08/2018
883;367;8;5;06/04/2018
884;106;7;2;24/11/2019
885;22;4;3;22/06/2018
886;873;5;2;31/08/2019
887;644;4;2;09/08/2020
888;930;9;10;13/08/2019
889;115;7;1;27/10/2018
890;24;7;9;30/07/2019
891;292;9;4;30/04/2019
892;414;4;8;21/11/2018
893;997;5;5;23/02/2020
894;130;1;4;15/08/2019
895;20;4;5;19/02/2020
896;248;3;4;30/04/2019
897;876;6;9;14/05/2018
898;557;2;7;22/10/2018
899;130;9;6;04/06/2020
900;741;6;7;14/01/2020
901;804;5;3;12/08/2019
902;773;6;9;17/12/2018
903;634;3;1;15/09/2018
904;611;9;1;25/11/2019
905;261;8;9;26/12/2019
906;522;6;7;11/08/2020
907;264;6;5;21/02/2019
908;536;3;2;16/09/2020
909;983;6;1;29/01/2020
910;870;6;9;20/11/2019
911;458;7;4;20/02/2019
912;90;9;7;22/09/2020
913;780;6;1;20/01/2018
914;314;2;10;21/09/2019
915;668;6;1;31/05/2020
916;608;1;6;14/06/2018
917;259;6;2;18/12/2018
918;269;7;10;20/09/2018
919;729;6;4;08/11/2018
920;549;6;1;18/12/2019
921;127;2;6;26/02/2018
922;226;1;6;14/11/2019
923;592;3;5;13/07/2018
924;580;7;6;14/10/2019
925;987;5;3;05/05/2020
926;805;2;5;25/11/2019
927;266;4;4;15/06/2019
928;307;3;8;28/04/2020
929;315;5;4;09/06/2018
930;719;4;9;12/05/2018
931;602;6;5;23/02/2018
932;437;5;10;04/07/2019
933;10;4;10;16/03/2019
934;247;6;1;02/08/2020
935;371;3;7;22/09/2020
936;81;9;1;04/04/2018
937;285;10;7;06/03/2019
938;958;5;7;09/03/2018
939;64;3;5;02/04/2019
940;972;2;7;21/06/2018
941;510;8;9;04/05/2020
942;700;9;10;06/08/2020
943;468;3;10;23/01/2018
944;422;8;3;26/09/2018
945;514;10;8;22/04/2019
946;994;4;5;06/02/2018
947;962;9;4;13/10/2018
948;712;5;8;13/07/2020
949;6;9;5;10/11/2019
950;351;5;8;04/04/2020
951;522;3;5;23/07/2018
952;568;3;5;04/05/2018
953;997;2;4;09/05/2019
954;3;6;5;27/07/2018
955;144;6;10;30/07/2019
956;170;9;1;11/02/2020
957;51;7;7;19/06/2019
958;373;2;7;22/02/2018
959;860;9;9;21/11/2019
960;639;6;8;27/05/2020
961;598;9;4;21/07/2019
962;452;6;1;01/06/2019
963;844;2;10;21/04/2019
964;828;4;3;21/04/2019
965;763;1;9;22/09/2019
966;75;7;7;09/12/2018
967;458;3;9;31/07/2018
968;229;3;10;13/01/2018
969;542;6;9;21/05/2018
970;254;5;2;22/02/2019
971;540;6;6;17/11/2018
972;575;6;3;27/04/2020
973;939;10;10;29/05/2020
974;724;5;9;16/09/2020
975;38;5;3;02/04/2018
976;478;7;9;27/02/2020
977;594;5;10;29/05/2018
978;824;5;4;01/12/2019
979;409;3;6;17/07/2018
980;558;4;6;27/12/2018
981;875;8;8;20/09/2020
982;182;5;4;14/05/2019
983;369;1;8;16/08/2020
984;912;9;8;07/08/2018
985;360;5;3;06/05/2020
986;246;8;2;05/10/2019
987;779;2;8;04/09/2019
988;157;3;3;24/02/2020
989;486;9;10;17/07/2018
990;499;1;3;24/08/2019
991;795;10;6;10/06/2020
992;667;2;1;14/09/2019
993;363;3;7;12/04/2019
994;280;10;5;01/04/2018
995;635;3;10;08/01/2019
996;641;8;5;27/03/2018
997;325;4;1;26/07/2019
998;765;6;8;24/03/2018
999;217;10;3;23/08/2018
1000;330;9;9;25/12/2018
